model_name,test_score,cv_score,training_time
RandomForest,0.8111988874769224,0.8275407036477975,3.764470100402832
SVC,0.8075437842565159,0.8339647472276323,3.0993549823760986
LogisticRegression,0.8047262044959578,0.82593547821866,3.0771989822387695
GradientBoosting,0.7966318197880587,0.8242936015866498,5.284998893737793
