model_name,test_score,cv_score,training_time
RandomForest,0.8111988874769224,0.8275407036477975,6.056440830230713
SVC,0.8075437842565159,0.8339647472276323,3.1131622791290283
LogisticRegression,0.8047262044959578,0.82593547821866,2.8449316024780273
GradientBoosting,0.7966318197880587,0.8242936015866498,4.877927780151367
